Ano/Período;UF;Cód. Município;Município;Disponibilidade de Informações
2025 Anual;AC;120025;Epitaciolândia;Sem Transmissão
2025 Anual;AM;130063;Beruri;Sem Transmissão
2025 Anual;AM;130070;Boca do Acre;Sem Transmissão
2025 Anual;AM;130083;Caapiranga;Sem Transmissão
2025 Anual;AM;130140;Eirunepé;Sem Transmissão
2025 Anual;AM;130180;Ipixuna;Sem Transmissão
2025 Anual;AM;130195;Itamarati;Sem Transmissão
2025 Anual;AM;130220;Juruá;Sem Transmissão
2025 Anual;AM;130240;Lábrea;Sem Transmissão
2025 Anual;AM;130310;Nova Olinda do Norte;Sem Transmissão
2025 Anual;AM;130350;Pauini;Sem Transmissão
2025 Anual;RR;140028;Iracema;Sem Transmissão
2025 Anual;PA;150250;Chaves;Sem Transmissão
2025 Anual;PA;150810;Tucuruí;Sem Transmissão
2025 Anual;AP;160010;Amapá;Sem Transmissão
2025 Anual;TO;170190;Araguacema;Sem Transmissão
2025 Anual;TO;171855;Riachinho;Sem Transmissão
2025 Anual;MA;210312;Central do Maranhão;Sem Transmissão
2025 Anual;MA;211027;Santo Amaro do Maranhão;Sem Transmissão
2025 Anual;PI;220710;Olho DÁgua do Piauí;Sem Transmissão
2025 Anual;RN;240400;Frutuoso Gomes;Sem Transmissão
2025 Anual;RN;241025;Porto do Mangue;Sem Transmissão
2025 Anual;RN;241050;Rafael Fernandes;Sem Transmissão
2025 Anual;PE;260360;Camutanga;Sem Transmissão
2025 Anual;PE;260620;Goiana;Sem Transmissão
2025 Anual;PE;260650;Iati;Sem Transmissão
2025 Anual;PE;261080;Pedra;Sem Transmissão
2025 Anual;SE;280070;Brejo Grande;Sem Transmissão
2025 Anual;SE;280470;Nossa Senhora de Lourdes;Sem Transmissão
2025 Anual;BA;290080;Alcobaça;Sem Transmissão
2025 Anual;BA;290630;Canavieiras;Sem Transmissão
2025 Anual;BA;291050;Entre Rios;Sem Transmissão
2025 Anual;BA;292200;Mucuri;Sem Transmissão
2025 Anual;ES;320380;Muqui;Sem Transmissão
2025 Anual;RJ;330070;Cabo Frio;Sem Transmissão
2025 Anual;RJ;330390;Petrópolis;Sem Transmissão
2025 Anual;SP;350780;Brodowski;Sem Transmissão
2025 Anual;SP;351510;Embu-Guaçu;Sem Transmissão
2025 Anual;SP;352560;João Ramalho;Sem Transmissão
2025 Anual;SP;352810;Macaubal;Sem Transmissão
2025 Anual;SP;353215;Nantes;Sem Transmissão
2025 Anual;SP;353270;Nipoã;Sem Transmissão
2025 Anual;SP;353370;Ocauçu;Sem Transmissão
2025 Anual;SP;353650;Paulínia;Sem Transmissão
2025 Anual;SP;355080;São Sebastião da Grama;Sem Transmissão
2025 Anual;SP;355645;Vargem Grande Paulista;Sem Transmissão
2025 Anual;PR;410470;Carlópolis;Sem Transmissão
2025 Anual;PR;410645;Coronel Domingos Soares;Sem Transmissão
2025 Anual;PR;411721;Nova Santa Bárbara;Sem Transmissão
2025 Anual;PR;412470;São Jerônimo da Serra;Sem Transmissão
2025 Anual;SC;420150;Armazém;Sem Transmissão
2025 Anual;SC;420985;Lindóia do Sul;Sem Transmissão
2025 Anual;SC;421570;Santo Amaro da Imperatriz;Sem Transmissão
2025 Anual;SC;421915;Vargem;Sem Transmissão
2025 Anual;RS;430187;Barra do Quaraí;Sem Transmissão
2025 Anual;RS;430880;General Câmara;Sem Transmissão
2025 Anual;RS;432215;Tunas;Sem Transmissão
2025 Anual;MT;510183;Boa Esperança do Norte;Sem Transmissão
2025 Anual;MT;510785;São Félix do Araguaia;Sem Transmissão
2025 Anual;MG;31;Minas Gerais;Sem Transmissão
